{"cameraMode":{"drawMode":0,"name":"Shaded","section":"Shading Mode"},"sceneLighting":true,"audioPlay":false,"sceneViewState":{"showFog":true,"showMaterialUpdate":false,"showSkybox":true,"showFlares":true,"showImageEffects":true,"showParticleSystems":true,"showVisualEffectGraphs":true,"m_FxEnabled":true},"in2DMode":false,"pivot":{"x":0.48658525943756106,"y":0.8775374889373779,"z":-0.2794322967529297},"rotation":{"x":-0.23067320883274079,"y":0.43501386046409609,"z":-0.11633332818746567,"w":-0.862575888633728},"size":3.2983944416046144,"orthographic":false}